                  epoch,         train/box_loss,         train/cls_loss,         train/dfl_loss,   metrics/precision(B),      metrics/recall(B),       metrics/mAP50(B),    metrics/mAP50-95(B),           val/box_loss,           val/cls_loss,           val/dfl_loss,                 lr/pg0,                 lr/pg1,                 lr/pg2
                      1,                 1.6141,                  6.182,                 1.1801,                0.00016,                0.04688,                0.00015,                  4e-05,                 4.3329,                 28.072,                 3.2574,                 0.0002,                 0.0002,                 0.0002
                      2,                  1.793,                 5.6019,                 1.1852,                0.00016,                0.04688,                0.00021,                  6e-05,                 4.5401,                 33.132,                 3.8228,             0.00041792,             0.00041792,             0.00041792
                      3,                 1.6637,                 5.0181,                 1.1415,                0.00021,                 0.0625,                0.00014,                  4e-05,                 4.4794,                 27.353,                 3.7285,             0.00063366,             0.00063366,             0.00063366
                      4,                 1.8094,                 5.5489,                 1.2696,                0.00031,                0.09375,                0.00024,                  5e-05,                 4.0283,                  18.02,                 2.8763,             0.00084723,             0.00084723,             0.00084723
                      5,                 1.7301,                 4.1684,                 1.2972,                0.00016,                0.04688,                 0.0001,                  4e-05,                 4.3807,                 21.098,                 3.9943,              0.0010586,              0.0010586,              0.0010586
                      6,                  1.773,                 5.0262,                 1.2323,                0.00352,                0.03125,                0.00044,                0.00014,                 4.0682,                 41.815,                 3.8569,              0.0012678,              0.0012678,              0.0012678
                      7,                 1.8128,                 4.6373,                 1.2326,                0.00331,                0.01562,                0.00038,                0.00012,                 4.3828,                 39.629,                 3.8388,              0.0014749,              0.0014749,              0.0014749
                      8,                 1.9473,                 4.5906,                 1.3711,                0.00158,                0.03125,                0.00027,                  8e-05,                 4.0412,                 24.482,                 3.2117,              0.0016797,              0.0016797,              0.0016797
                      9,                 1.6775,                 3.9292,                 1.1656,                0.00031,                0.09375,                0.00022,                  8e-05,                 4.2518,                 18.951,                  3.607,              0.0018824,              0.0018824,              0.0018824
                     10,                 1.7299,                 3.4532,                 1.3312,                0.00036,                0.10938,                 0.0003,                  9e-05,                 4.0397,                 11.347,                 3.7395,              0.0019109,              0.0019109,              0.0019109
                     11,                 1.7542,                 3.1543,                 1.2245,                0.00719,                0.01562,                0.00028,                  4e-05,                 4.5991,                 32.036,                 4.3568,               0.001901,               0.001901,               0.001901
                     12,                 1.9205,                 3.5965,                 1.3786,                0.00159,                0.01562,                0.00021,                  6e-05,                  4.444,                 42.742,                  4.017,              0.0018911,              0.0018911,              0.0018911
                     13,                 1.7895,                 2.7543,                 1.3496,                0.00393,                0.01562,                 0.0009,                0.00021,                 4.0423,                 195.71,                 3.8375,              0.0018812,              0.0018812,              0.0018812
                     14,                 1.9056,                 3.1057,                 1.3967,                0.00445,                0.01562,                0.00043,                 0.0001,                 4.3136,                 63.832,                 4.3793,              0.0018713,              0.0018713,              0.0018713
                     15,                 1.8425,                 2.9407,                  1.236,                0.00063,                0.01562,                 0.0002,                  5e-05,                   4.49,                 101.21,                 4.1521,              0.0018614,              0.0018614,              0.0018614
                     16,                 1.8311,                 2.6365,                 1.2899,                0.00054,                0.03125,                0.00024,                  6e-05,                 4.4696,                  35.16,                 3.4316,              0.0018515,              0.0018515,              0.0018515
                     17,                 1.7033,                 2.2723,                 1.3302,                0.00021,                 0.0625,                0.00013,                  4e-05,                 4.2984,                 18.926,                  3.039,              0.0018416,              0.0018416,              0.0018416
                     18,                 1.6428,                 2.3817,                 1.2533,                0.00026,                0.07812,                0.00017,                  4e-05,                 4.3512,                 13.072,                 2.9335,              0.0018317,              0.0018317,              0.0018317
                     19,                 1.6076,                 2.2351,                 1.2368,                 0.0119,                0.01562,                0.00035,                  5e-05,                  4.377,                 12.803,                 3.1949,              0.0018218,              0.0018218,              0.0018218
                     20,                 1.5122,                 1.9189,                 1.1938,                0.01684,                0.01562,                0.00045,                0.00013,                 4.1554,                 11.421,                 2.8408,              0.0018119,              0.0018119,              0.0018119
                     21,                 1.6421,                 2.1671,                 1.2581,                0.04008,                0.01562,                0.00078,                0.00012,                 4.3878,                 11.141,                 3.1216,               0.001802,               0.001802,               0.001802
                     22,                 1.6679,                 2.0767,                 1.3249,                0.01272,                0.01562,                0.00045,                  8e-05,                 4.2888,                 22.579,                  3.058,              0.0017921,              0.0017921,              0.0017921
                     23,                 1.5511,                  1.952,                  1.173,                0.00031,                0.09375,                0.00018,                  5e-05,                 4.1064,                 21.385,                 2.7636,              0.0017822,              0.0017822,              0.0017822
                     24,                 1.6554,                 2.0837,                 1.2628,                0.01346,                0.01562,                0.00044,                0.00012,                  4.267,                 12.087,                 3.1287,              0.0017723,              0.0017723,              0.0017723
                     25,                 1.6283,                 1.8436,                 1.3055,                 0.0159,                0.01562,                0.00041,                0.00013,                 4.5037,                 19.846,                 3.2485,              0.0017624,              0.0017624,              0.0017624
                     26,                 1.5699,                  1.791,                 1.2771,                0.00083,                0.03125,                0.00014,                  3e-05,                 4.2214,                 23.571,                 3.6295,              0.0017525,              0.0017525,              0.0017525
                     27,                 1.5979,                 1.7099,                 1.2343,                0.03362,                0.01562,                0.00105,                0.00021,                 4.1643,                 15.205,                 3.0934,              0.0017426,              0.0017426,              0.0017426
                     28,                 1.5863,                 1.5191,                 1.1653,                0.12655,                0.01562,                0.00571,                 0.0022,                 4.1931,                 23.294,                 2.9684,              0.0017327,              0.0017327,              0.0017327
                     29,                 1.7183,                 1.7184,                 1.1626,                0.41336,                0.01562,                0.01571,                0.00617,                 4.0395,                 11.514,                 2.8929,              0.0017228,              0.0017228,              0.0017228
                     30,                  1.561,                 1.5205,                 1.2239,                 0.3555,                0.01562,                0.00798,                0.00239,                 4.0397,                 11.985,                 2.7334,              0.0017129,              0.0017129,              0.0017129
                     31,                 1.5711,                  1.556,                 1.1587,                0.07326,                0.01562,                 0.0024,                0.00055,                 4.3517,                 10.091,                 2.9541,               0.001703,               0.001703,               0.001703
                     32,                  1.529,                 1.5323,                 1.2119,                0.01023,                0.01562,                0.00031,                  7e-05,                 4.0852,                 8.6262,                 2.8588,              0.0016931,              0.0016931,              0.0016931
                     33,                 1.5323,                 1.5037,                 1.1972,                0.00831,                0.01562,                0.00031,                  9e-05,                 4.3515,                 8.9853,                 2.9365,              0.0016832,              0.0016832,              0.0016832
                     34,                 1.3729,                 1.4118,                 1.1995,                0.04078,                0.01562,                0.00127,                0.00052,                 4.2365,                 8.2948,                  2.896,              0.0016733,              0.0016733,              0.0016733
                     35,                 1.4796,                 1.3768,                 1.1557,                0.03046,                0.01562,                0.00058,                0.00023,                 4.0196,                 7.7966,                 2.5936,              0.0016634,              0.0016634,              0.0016634
                     36,                 1.3584,                 1.4416,                 1.1886,                0.06443,                0.01562,                 0.0019,                0.00032,                 4.3403,                 13.965,                 2.9432,              0.0016535,              0.0016535,              0.0016535
                     37,                 1.4751,                  1.553,                 1.2585,                0.03589,                0.01562,                0.00115,                0.00012,                  4.468,                 25.015,                 2.9504,              0.0016436,              0.0016436,              0.0016436
                     38,                 1.4373,                 1.4169,                 1.0883,                0.03141,                0.01562,                0.00058,                  7e-05,                 4.4274,                 16.251,                 3.1228,              0.0016337,              0.0016337,              0.0016337
                     39,                 1.4062,                 1.2586,                 1.0779,                0.02127,                0.01562,                0.00056,                0.00015,                 3.8981,                 8.9711,                 2.8945,              0.0016238,              0.0016238,              0.0016238
                     40,                 1.5355,                 1.3833,                 1.1317,                0.01709,                0.01562,                0.00049,                0.00014,                 4.0116,                 11.844,                 3.0928,              0.0016139,              0.0016139,              0.0016139
                     41,                 1.2891,                 1.1947,                 1.1218,                0.02352,                0.01562,                0.00086,                0.00022,                   4.08,                  11.53,                 3.2196,               0.001604,               0.001604,               0.001604
                     42,                 1.5522,                 1.5919,                 1.3044,                0.02755,                0.01562,                0.00076,                0.00023,                 4.1612,                 9.4624,                 3.1889,              0.0015941,              0.0015941,              0.0015941
                     43,                 1.3807,                 1.2276,                 1.0467,                0.01457,                0.01562,                0.00055,                0.00021,                 3.8664,                 10.997,                 2.9541,              0.0015842,              0.0015842,              0.0015842
                     44,                 1.2565,                 1.1024,                 1.1167,                0.01602,                0.01562,                0.00049,                0.00023,                 3.8392,                 9.2616,                 2.9245,              0.0015743,              0.0015743,              0.0015743
                     45,                 1.4649,                 1.3786,                 1.0403,                 0.0236,                0.01562,                0.00063,                0.00038,                 4.1488,                 7.9358,                 2.9996,              0.0015644,              0.0015644,              0.0015644
                     46,                 1.3794,                 1.2237,                 1.1823,                0.02954,                0.01562,                0.00098,                0.00028,                  4.243,                 7.7598,                 2.8676,              0.0015545,              0.0015545,              0.0015545
                     47,                 1.3427,                 1.2639,                 1.1206,                0.00757,                0.01562,                0.00031,                  6e-05,                 4.2385,                 9.3248,                 2.8728,              0.0015446,              0.0015446,              0.0015446
                     48,                 1.4296,                  1.152,                 1.0629,                0.06919,                0.01562,                0.00206,                0.00082,                 4.1425,                  8.494,                 2.9084,              0.0015347,              0.0015347,              0.0015347
                     49,                 1.4144,                 1.0834,                 1.0569,                0.04694,                0.01562,                0.00122,                0.00057,                 4.1922,                  10.03,                 2.9641,              0.0015248,              0.0015248,              0.0015248
                     50,                 1.2472,                 1.0852,                  1.082,                0.03088,                0.01562,                0.00088,                0.00044,                 4.4559,                 9.2215,                 2.9129,              0.0015149,              0.0015149,              0.0015149
                     51,                 1.3021,                 1.1168,                 1.0613,                0.10449,                0.01562,                0.00245,                0.00062,                 4.1432,                 6.9003,                 2.7209,               0.001505,               0.001505,               0.001505
                     52,                 1.2721,                   1.12,                  1.083,                0.05321,                0.01562,                0.00163,                0.00062,                  4.356,                 7.8751,                 2.9501,              0.0014951,              0.0014951,              0.0014951
                     53,                 1.2748,                 1.0593,                0.99407,                0.01939,                0.01562,                 0.0006,                 0.0003,                 4.1985,                 9.2463,                 2.9667,              0.0014852,              0.0014852,              0.0014852
                     54,                 1.2748,                 1.0933,                 1.0729,                 0.0114,                0.01562,                 0.0005,                 0.0001,                  4.542,                 7.6315,                  2.977,              0.0014753,              0.0014753,              0.0014753
                     55,                 1.2836,                 1.3524,                 1.0217,                0.02065,                0.01562,                0.00082,                0.00025,                 4.2132,                 7.0147,                 2.9219,              0.0014654,              0.0014654,              0.0014654
                     56,                 1.3241,                 1.0255,                 1.0717,                0.03348,                0.01562,                0.00111,                0.00062,                 4.5236,                  6.188,                 3.0547,              0.0014555,              0.0014555,              0.0014555
                     57,                 1.3353,                 1.0995,                 1.0415,                0.03926,                0.01562,                0.00118,                0.00059,                 4.3793,                 6.7108,                 3.0102,              0.0014456,              0.0014456,              0.0014456
                     58,                 1.2838,                 1.0624,                 1.1363,                 0.0519,                0.01562,                0.00155,                0.00031,                 4.2348,                  8.089,                 2.7586,              0.0014357,              0.0014357,              0.0014357
                     59,                 1.2728,                 1.1349,                 1.1016,                0.03114,                0.01562,                0.00092,                0.00018,                 4.1321,                 8.0063,                 2.7231,              0.0014258,              0.0014258,              0.0014258
                     60,                  1.078,                0.90136,                 1.0044,                0.03006,                0.01562,                0.00085,                 0.0005,                  3.949,                 7.6273,                  2.754,              0.0014159,              0.0014159,              0.0014159
                     61,                 1.3537,                  1.026,                 1.0454,                0.03014,                0.01562,                0.00084,                 0.0004,                 3.9521,                 7.5327,                 2.7342,               0.001406,               0.001406,               0.001406
                     62,                 1.1762,                0.95916,                 1.0212,                0.02471,                0.01562,                0.00084,                0.00057,                 3.9877,                 11.088,                  2.685,              0.0013961,              0.0013961,              0.0013961
                     63,                 1.1622,                 0.9006,                0.98403,                 0.0267,                0.01562,                 0.0009,                0.00042,                 4.1737,                 10.505,                 2.6893,              0.0013862,              0.0013862,              0.0013862
                     64,                 1.0872,                0.92569,                 1.0471,                0.02668,                0.01562,                0.00105,                0.00065,                 4.0202,                 8.1235,                 2.5011,              0.0013763,              0.0013763,              0.0013763
                     65,                 1.0917,                0.86466,                 1.0268,                0.01924,                0.01562,                0.00061,                0.00028,                 4.3197,                  10.33,                 2.7621,              0.0013664,              0.0013664,              0.0013664
                     66,                 1.2063,                0.87858,                 0.9689,                0.01953,                0.01562,                0.00069,                  7e-05,                 4.1153,                 9.7775,                 2.7691,              0.0013565,              0.0013565,              0.0013565
                     67,                 1.3313,                 1.0686,                  1.066,                0.01349,                0.01562,                0.00071,                0.00021,                 4.2236,                 8.2113,                 2.6761,              0.0013466,              0.0013466,              0.0013466
                     68,                  1.134,                0.89164,                0.96243,                0.03418,                0.01562,                0.00111,                0.00027,                 4.2389,                 7.7437,                 2.7025,              0.0013367,              0.0013367,              0.0013367
                     69,                 1.1317,                0.86339,                0.96511,                0.03879,                0.01562,                0.00174,                0.00032,                 4.2877,                  8.517,                 2.6932,              0.0013268,              0.0013268,              0.0013268
                     70,                  1.146,                 1.0682,                 1.0064,                0.14043,                0.01562,                0.00339,                0.00082,                 4.1854,                 7.4447,                 2.6351,              0.0013169,              0.0013169,              0.0013169
                     71,                 1.1554,                 0.9097,                 1.0436,                0.02425,                0.01562,                0.00072,                0.00014,                  3.971,                 8.3584,                 2.4318,               0.001307,               0.001307,               0.001307
                     72,                 1.1455,                 0.8519,                0.98106,                0.02178,                0.01562,                0.00056,                0.00011,                  4.012,                 10.176,                 2.4736,              0.0012971,              0.0012971,              0.0012971
                     73,                  1.245,                 1.1481,                 1.0063,                0.02511,                0.01562,                0.00061,                0.00012,                 4.1355,                 8.4316,                  2.526,              0.0012872,              0.0012872,              0.0012872
                     74,                 1.2444,                0.98519,                 1.0336,                0.01834,                0.01562,                0.00054,                0.00026,                 4.0665,                  8.559,                 2.6059,              0.0012773,              0.0012773,              0.0012773
                     75,                 1.1612,                0.87453,                 1.0411,                0.02274,                0.01562,                0.00067,                0.00013,                 4.1481,                 9.3046,                 2.6008,              0.0012674,              0.0012674,              0.0012674
                     76,                 1.2397,                0.90672,                  1.006,                0.03706,                0.01562,                0.00138,                0.00014,                 3.9939,                 8.8466,                  2.727,              0.0012575,              0.0012575,              0.0012575
                     77,                 1.1247,                0.84275,                 1.0399,                0.04204,                0.01562,                0.00119,                0.00048,                 4.0845,                 9.1593,                  2.759,              0.0012476,              0.0012476,              0.0012476
                     78,                 1.3076,                 1.1026,                 1.0232,                0.05691,                0.01562,                 0.0017,                0.00042,                  4.119,                 8.3725,                 2.6062,              0.0012377,              0.0012377,              0.0012377
                     79,                  1.106,                0.85956,                0.98671,                0.00759,                0.01562,                0.00038,                  8e-05,                 3.9321,                 9.9905,                 2.7384,              0.0012278,              0.0012278,              0.0012278
                     80,                  1.147,                0.91673,                0.97878,                0.03139,                0.01562,                0.00101,                0.00017,                 3.9676,                 9.2014,                 2.7678,              0.0012179,              0.0012179,              0.0012179
                     81,                 1.0538,                0.78438,                0.98452,                0.04604,                0.01562,                0.00192,                0.00048,                 3.8477,                 7.5218,                 2.5874,               0.001208,               0.001208,               0.001208
                     82,                 1.1566,                0.90707,                0.95556,                0.02911,                0.01562,                0.00118,                0.00023,                 3.9265,                 8.1455,                 2.7158,              0.0011981,              0.0011981,              0.0011981
                     83,                 1.2092,                0.92703,                0.98903,                0.02969,                0.01562,                0.00093,                0.00019,                 3.9484,                 8.4141,                 2.7748,              0.0011882,              0.0011882,              0.0011882
                     84,                 1.0662,                0.80781,                0.95336,                0.04715,                0.01562,                 0.0016,                0.00048,                 3.7674,                 7.7024,                 2.5231,              0.0011783,              0.0011783,              0.0011783
                     85,                 1.0212,                0.80668,                0.96759,                0.04437,                0.01562,                0.00169,                0.00062,                 3.6725,                 7.4424,                 2.5025,              0.0011684,              0.0011684,              0.0011684
                     86,                 1.0943,                0.88991,                0.95704,                0.04873,                0.01562,                0.00184,                0.00087,                 3.8297,                 7.7731,                 2.5923,              0.0011585,              0.0011585,              0.0011585
                     87,                 1.0198,                0.79326,                 1.0103,                0.03076,                0.01562,                0.00096,                0.00029,                 3.8659,                 8.6447,                 2.5724,              0.0011486,              0.0011486,              0.0011486
                     88,                0.96853,                0.74389,                 1.0029,                0.03455,                0.01562,                0.00104,                0.00026,                 4.0705,                 8.9812,                 2.7059,              0.0011387,              0.0011387,              0.0011387
                     89,                  1.132,                0.85162,                 1.0004,                0.03937,                0.01562,                0.00132,                0.00031,                 4.0604,                  8.149,                 2.7154,              0.0011288,              0.0011288,              0.0011288
                     90,                 1.1633,                0.82927,                 1.0065,                0.02482,                0.01562,                0.00083,                0.00025,                 4.0245,                 7.8412,                 2.8143,              0.0011189,              0.0011189,              0.0011189
                     91,                 1.0055,                 0.7675,                0.94899,                 0.0285,                0.01562,                0.00083,                0.00022,                 4.0289,                 9.2339,                 2.7495,               0.001109,               0.001109,               0.001109
                     92,                0.99261,                0.70228,                0.93655,                0.02358,                0.01562,                0.00076,                0.00023,                 3.9977,                 10.229,                 2.7285,              0.0010991,              0.0010991,              0.0010991
                     93,                 1.0181,                0.81243,                 0.9556,                 0.0269,                0.01562,                0.00078,                0.00024,                  3.947,                  9.523,                 2.7403,              0.0010892,              0.0010892,              0.0010892
                     94,                0.99854,                0.76551,                0.97627,                 0.0736,                0.01562,                0.00311,                0.00062,                 3.9988,                   8.19,                  2.922,              0.0010793,              0.0010793,              0.0010793
                     95,                0.94337,                0.76823,                 1.0047,                0.13827,                0.01562,                 0.0058,                0.00116,                 4.2001,                 9.5047,                  2.966,              0.0010694,              0.0010694,              0.0010694
                     96,                0.93355,                0.70634,                0.93242,                0.04268,                0.01562,                0.00166,                0.00033,                 3.9868,                 9.4388,                  2.844,              0.0010595,              0.0010595,              0.0010595
                     97,                 1.0992,                 0.7785,                 0.9472,                0.03413,                0.01562,                0.00132,                0.00026,                 4.0921,                 9.7078,                   2.76,              0.0010496,              0.0010496,              0.0010496
                     98,                0.97124,                0.82908,                 0.9943,                0.03772,                0.01562,                0.00124,                0.00037,                 4.0072,                 8.7726,                 2.6838,              0.0010397,              0.0010397,              0.0010397
                     99,                 1.1061,                0.78219,                0.96389,                0.12354,                0.01562,                0.00543,                0.00163,                 4.0968,                 9.1618,                 2.7412,              0.0010298,              0.0010298,              0.0010298
                    100,                0.98504,                0.76212,                0.95316,                0.15132,                0.01562,                0.00406,                0.00122,                 4.1635,                 9.9512,                 2.7962,              0.0010199,              0.0010199,              0.0010199
                    101,                 1.0046,                0.79393,                0.94064,                0.07307,                0.01562,                0.00286,                0.00086,                 4.0957,                 11.209,                  2.755,                0.00101,                0.00101,                0.00101
                    102,                0.94772,                0.74723,                0.96159,                0.04067,                0.01562,                0.00154,                0.00031,                 4.0608,                 11.063,                 2.8136,              0.0010001,              0.0010001,              0.0010001
                    103,                 1.0333,                0.76029,                0.97433,                0.09641,                0.01562,                0.00432,                 0.0013,                 3.9998,                 9.3074,                 2.7214,              0.0009902,              0.0009902,              0.0009902
                    104,                0.97551,                0.74932,                0.95282,                0.10766,                0.01562,                0.01568,                0.00627,                 4.0605,                 8.2262,                 2.6999,              0.0009803,              0.0009803,              0.0009803
                    105,                 0.9598,                0.72945,                0.92148,                 0.0796,                0.01562,                0.00279,                0.00084,                 4.0385,                 8.9523,                 2.7214,              0.0009704,              0.0009704,              0.0009704
                    106,                 1.0155,                0.72764,                0.96417,                0.08738,                0.01562,                0.00456,                0.00091,                 4.2591,                   9.72,                 2.8952,              0.0009605,              0.0009605,              0.0009605
                    107,                0.99264,                0.67676,                0.91712,                0.10809,                0.01562,                0.00849,                 0.0017,                 4.2134,                 9.4957,                 2.9227,              0.0009506,              0.0009506,              0.0009506
                    108,                0.89973,                0.72923,                0.85106,                0.05508,                0.01562,                0.00236,                0.00071,                 4.0055,                 9.6291,                 2.9236,              0.0009407,              0.0009407,              0.0009407
                    109,                  1.049,                0.73168,                0.94989,                0.05056,                0.01562,                 0.0018,                0.00054,                  3.961,                  9.443,                 2.7559,              0.0009308,              0.0009308,              0.0009308
                    110,                0.85214,                0.66817,                0.93165,                0.04295,                0.01562,                0.00185,                0.00055,                 4.0437,                  10.02,                 2.9215,              0.0009209,              0.0009209,              0.0009209
                    111,                0.96601,                0.71915,                0.97356,                0.06024,                0.01562,                0.00273,                0.00055,                  3.971,                 9.4848,                 2.7137,               0.000911,               0.000911,               0.000911
                    112,                 1.0167,                0.73993,                0.99548,                0.09586,                0.01562,                0.00526,                0.00105,                 4.1801,                 9.0686,                 2.8049,              0.0009011,              0.0009011,              0.0009011
                    113,                0.92981,                 0.6738,                0.97404,                 0.0993,                0.01562,                0.00549,                0.00147,                 4.2486,                 9.0473,                 2.8001,              0.0008912,              0.0008912,              0.0008912
                    114,                0.94971,                0.63973,                0.96298,                0.04965,                0.01562,                0.00225,                0.00067,                  4.188,                 8.8896,                 2.7657,              0.0008813,              0.0008813,              0.0008813
                    115,                 1.0324,                0.74385,                0.96162,                0.06673,                0.01562,                0.00465,                 0.0014,                 4.1632,                 8.6893,                 2.7083,              0.0008714,              0.0008714,              0.0008714
                    116,                 1.0991,                0.82604,                0.97781,                0.16353,                0.01562,                0.00834,                 0.0025,                 4.1023,                 8.4228,                 2.7119,              0.0008615,              0.0008615,              0.0008615
                    117,                0.89077,                 0.6316,                0.95878,                0.23685,                0.01562,                0.00827,                0.00248,                 3.9996,                 8.4155,                 2.8285,              0.0008516,              0.0008516,              0.0008516
                    118,                  1.001,                0.72485,                0.97947,                0.16097,                0.01562,                0.00824,                0.00247,                 4.1143,                 8.9821,                 2.8904,              0.0008417,              0.0008417,              0.0008417
                    119,                0.98216,                0.68597,                0.90965,                0.19407,                0.01562,                 0.0157,                0.00471,                   4.12,                 9.0151,                 2.8167,              0.0008318,              0.0008318,              0.0008318
                    120,                 0.9838,                0.68734,                0.95264,                0.66118,                0.01562,                0.01591,                0.00477,                 4.2915,                  8.155,                 2.8781,              0.0008219,              0.0008219,              0.0008219
                    121,                0.91419,                0.62447,                0.98378,                0.36665,                0.01562,                0.01592,                0.00637,                 4.2014,                 8.1516,                 2.7759,               0.000812,               0.000812,               0.000812
                    122,                0.89106,                 0.6655,                0.95497,                0.16176,                0.01562,                0.00819,                0.00327,                 4.2248,                  8.935,                  2.686,              0.0008021,              0.0008021,              0.0008021
                    123,                0.93771,                0.62327,                0.97512,                0.18872,                0.01562,                 0.0081,                0.00243,                  4.179,                 8.4707,                 2.7572,              0.0007922,              0.0007922,              0.0007922
                    124,                0.94476,                0.70261,                0.94092,                0.15952,                0.01562,                0.00819,                0.00246,                 4.1317,                 8.6886,                 2.7729,              0.0007823,              0.0007823,              0.0007823
                    125,                 1.0498,                0.83954,                0.92017,                 0.1603,                0.01562,                0.00829,                0.00249,                 4.1008,                 8.7504,                 2.7798,              0.0007724,              0.0007724,              0.0007724
                    126,                 1.0551,                0.78525,                0.93833,                0.22599,                0.01562,                0.00816,                0.00245,                 4.1215,                 7.9294,                 2.7668,              0.0007625,              0.0007625,              0.0007625
                    127,                0.90695,                0.60982,                0.94108,                0.12438,                0.01562,                0.00802,                0.00321,                  4.061,                 8.0379,                 2.6511,              0.0007526,              0.0007526,              0.0007526
                    128,                  0.814,                0.56551,                0.88868,                0.03786,                0.01562,                 0.0016,                0.00064,                 4.2314,                 8.7782,                 2.5745,              0.0007427,              0.0007427,              0.0007427
                    129,                0.90151,                0.65734,                0.92503,                0.03632,                0.01562,                 0.0014,                0.00042,                 4.3047,                 8.5541,                 2.6209,              0.0007328,              0.0007328,              0.0007328
                    130,                0.86065,                0.66601,                 0.8823,                0.05096,                0.01562,                0.00225,                0.00067,                 4.0782,                 8.2637,                 2.6785,              0.0007229,              0.0007229,              0.0007229
                    131,                0.95398,                0.66201,                0.95252,                0.10126,                0.01562,                0.00308,                0.00092,                 4.0543,                 8.5003,                 2.7263,               0.000713,               0.000713,               0.000713
                    132,                0.86583,                 0.6542,                 0.9092,                0.10516,                0.01562,                0.00293,                0.00117,                 4.1124,                 8.7956,                 2.8161,              0.0007031,              0.0007031,              0.0007031
                    133,                 0.9157,                 0.6342,                0.93253,                0.10512,                0.01562,                0.00348,                0.00139,                 4.0291,                 8.8288,                 2.8645,              0.0006932,              0.0006932,              0.0006932
                    134,                 1.0143,                0.69374,                0.90631,                0.08734,                0.01562,                0.00302,                0.00121,                 4.3358,                 9.2506,                 2.9114,              0.0006833,              0.0006833,              0.0006833
                    135,                0.90232,                0.71208,                0.96099,                0.07459,                0.01562,                0.00302,                0.00121,                 4.3357,                 9.5757,                  2.826,              0.0006734,              0.0006734,              0.0006734
                    136,                0.82896,                0.62333,                0.93292,                0.06373,                0.01562,                0.00321,                0.00128,                 4.3762,                 9.9958,                  2.755,              0.0006635,              0.0006635,              0.0006635
                    137,                0.86705,                0.60132,                0.93538,                0.05292,                0.01562,                0.00282,                0.00113,                 4.3867,                 10.522,                 2.8128,              0.0006536,              0.0006536,              0.0006536
                    138,                0.88279,                0.67414,                0.91658,                0.04309,                0.01562,                0.00204,                0.00082,                 4.5928,                 10.952,                 2.8089,              0.0006437,              0.0006437,              0.0006437
                    139,                0.84584,                0.58198,                0.87208,                0.04409,                0.01562,                0.00198,                0.00059,                 4.2352,                 9.6152,                 2.6295,              0.0006338,              0.0006338,              0.0006338
                    140,                0.82688,                0.61559,                0.93563,                0.04424,                0.01562,                0.00186,                0.00056,                 4.0574,                 9.2564,                 2.6667,              0.0006239,              0.0006239,              0.0006239
                    141,                0.82167,                0.62022,                0.93042,                0.06686,                0.01562,                 0.0044,                0.00176,                 4.0844,                 9.4512,                 2.6726,               0.000614,               0.000614,               0.000614
                    142,                0.84012,                0.62548,                0.91828,                0.06548,                0.01562,                0.00807,                0.00323,                 4.0585,                 10.103,                  2.745,              0.0006041,              0.0006041,              0.0006041
                    143,                0.81731,                 0.6077,                0.90323,                0.06342,                0.01562,                0.00438,                0.00131,                 3.8536,                 10.321,                 2.7124,              0.0005942,              0.0005942,              0.0005942
                    144,                0.80622,                0.60883,                0.94801,                0.11149,                0.01562,                0.00594,                0.00237,                 3.8031,                 9.1049,                 2.6802,              0.0005843,              0.0005843,              0.0005843
                    145,                0.77011,                0.59522,                0.88401,                0.16047,                0.01562,                0.00864,                0.00346,                  3.811,                 8.3091,                 2.7088,              0.0005744,              0.0005744,              0.0005744
                    146,                0.81375,                0.57653,                0.87881,                0.12065,                0.01562,                0.00615,                0.00246,                 3.8631,                 8.7698,                  2.772,              0.0005645,              0.0005645,              0.0005645
                    147,                0.89227,                0.63616,                0.89156,                0.08946,                0.01562,                0.00628,                0.00251,                 3.9414,                 9.6132,                 2.8051,              0.0005546,              0.0005546,              0.0005546
                    148,                0.89254,                0.63052,                0.93067,                0.10838,                0.01562,                 0.0088,                0.00264,                   4.03,                 9.9698,                 2.7659,              0.0005447,              0.0005447,              0.0005447
                    149,                0.80127,                0.59461,                0.91752,                0.22474,                0.01562,                0.00877,                0.00263,                 4.0912,                 9.4272,                 2.7889,              0.0005348,              0.0005348,              0.0005348
                    150,                0.86324,                0.57646,                0.93309,                0.27706,                0.01562,                0.00883,                0.00265,                 4.0514,                  9.134,                 2.7784,              0.0005249,              0.0005249,              0.0005249
                    151,                0.80181,                0.64107,                0.90976,                0.16211,                0.01562,                0.00883,                0.00265,                 4.1285,                 9.4787,                 2.8302,               0.000515,               0.000515,               0.000515
                    152,                0.79849,                0.62123,                0.94075,                0.16277,                0.01562,                0.00878,                0.00263,                 4.2455,                 9.1231,                 2.9019,              0.0005051,              0.0005051,              0.0005051
                    153,                0.89281,                0.64298,                0.95331,                0.29894,                0.01562,                0.00878,                0.00263,                 4.2682,                 9.1246,                 2.9475,              0.0004952,              0.0004952,              0.0004952
                    154,                0.86213,                0.61933,                  0.938,                0.29172,                0.01562,                 0.0085,                 0.0034,                 4.2652,                  9.011,                 2.9165,              0.0004853,              0.0004853,              0.0004853
                    155,                0.78848,                0.55868,                0.91749,                0.24592,                0.01562,                 0.0159,                0.00636,                 4.1783,                 8.6151,                 2.8095,              0.0004754,              0.0004754,              0.0004754
                    156,                0.78164,                0.54314,                0.89064,                0.21814,                0.01562,                0.01598,                0.00479,                 4.1542,                 8.8171,                 2.7819,              0.0004655,              0.0004655,              0.0004655
                    157,                0.85997,                0.69954,                0.89385,                0.21436,                0.01562,                0.01613,                0.00484,                 4.3461,                 8.6082,                 2.8596,              0.0004556,              0.0004556,              0.0004556
                    158,                 0.8014,                0.57822,                0.92113,                0.18416,                0.01562,                0.00862,                0.00345,                 4.4524,                 8.7737,                 2.9122,              0.0004457,              0.0004457,              0.0004457
                    159,                0.91802,                0.73083,                0.90994,                0.10466,                0.01562,                0.00609,                0.00244,                 4.3777,                 8.8647,                 2.8748,              0.0004358,              0.0004358,              0.0004358
                    160,                0.78315,                0.56973,                0.90063,                0.05468,                0.01562,                0.00502,                0.00201,                 4.1765,                 9.0105,                 2.7757,              0.0004259,              0.0004259,              0.0004259
                    161,                0.72879,                0.53184,                0.90693,                0.04387,                0.01562,                0.00342,                0.00137,                 4.2316,                   9.56,                  2.824,               0.000416,               0.000416,               0.000416
                    162,                0.74173,                0.54572,                0.88196,                 0.0513,                0.01562,                0.00376,                 0.0015,                 4.3426,                  10.08,                 2.8947,              0.0004061,              0.0004061,              0.0004061
                    163,                0.81983,                0.61383,                0.96373,                0.10111,                0.01562,                0.00614,                0.00246,                 4.4426,                 10.374,                 2.8797,              0.0003962,              0.0003962,              0.0003962
                    164,                0.74764,                0.56061,                0.87378,                0.17368,                0.01562,                0.00866,                0.00433,                 4.3464,                 9.3084,                 2.8106,              0.0003863,              0.0003863,              0.0003863
                    165,                0.85822,                0.58053,                0.92881,                0.13464,                0.01562,                0.01615,                0.00969,                 4.2088,                 9.1128,                  2.789,              0.0003764,              0.0003764,              0.0003764
                    166,                0.86963,                0.61264,                 0.8447,                0.11125,                0.01562,                0.00877,                0.00438,                 4.1957,                  9.138,                 2.7386,              0.0003665,              0.0003665,              0.0003665
                    167,                 0.8336,                0.57929,                  0.899,                0.08539,                0.01562,                0.00887,                0.00443,                 4.0476,                 9.3769,                 2.6063,              0.0003566,              0.0003566,              0.0003566
                    168,                0.75818,                0.57385,                0.88875,                0.08756,                0.01562,                0.00872,                0.00436,                 4.0069,                 9.4603,                 2.5964,              0.0003467,              0.0003467,              0.0003467
                    169,                0.71843,                0.55179,                0.84675,                0.09989,                0.01562,                0.00613,                0.00307,                 4.0829,                 9.4448,                 2.6341,              0.0003368,              0.0003368,              0.0003368
                    170,                0.77788,                0.51622,                 0.8864,                0.13187,                0.01562,                0.00609,                0.00244,                 4.1645,                 9.0314,                 2.7384,              0.0003269,              0.0003269,              0.0003269
                    171,                0.74286,                  0.529,                 0.8492,                0.15557,                0.01562,                0.00866,                0.00346,                 4.1512,                 8.9247,                 2.7627,               0.000317,               0.000317,               0.000317
                    172,                 0.8187,                0.58032,                0.89695,                0.18471,                0.01562,                0.01634,                0.00654,                 4.0876,                 8.9646,                 2.7772,              0.0003071,              0.0003071,              0.0003071
                    173,                0.84248,                 0.5904,                0.92087,                 0.2082,                0.01562,                0.01644,                0.00493,                 4.1139,                 9.0108,                 2.7818,              0.0002972,              0.0002972,              0.0002972
                    174,                0.79077,                0.59867,                0.91077,                 0.2053,                0.01562,                0.01641,                0.00492,                   4.22,                 9.1589,                 2.8367,              0.0002873,              0.0002873,              0.0002873
                    175,                0.82808,                0.53784,                0.89635,                0.15705,                0.01562,                0.00877,                0.00263,                  4.174,                 9.4241,                 2.8938,              0.0002774,              0.0002774,              0.0002774
                    176,                0.68611,                0.57769,                0.83866,                0.13671,                0.01562,                0.00862,                0.00259,                 4.1406,                 9.7306,                 2.8305,              0.0002675,              0.0002675,              0.0002675
                    177,                0.75094,                0.52226,                0.90747,                0.14712,                0.01562,                0.00861,                0.00345,                 4.0874,                 9.5115,                 2.7946,              0.0002576,              0.0002576,              0.0002576
                    178,                0.76438,                0.56009,                0.85861,                0.11741,                0.01562,                 0.0085,                 0.0034,                  4.126,                 9.1286,                 2.7543,              0.0002477,              0.0002477,              0.0002477
                    179,                0.68102,                 0.4929,                0.86476,                 0.0939,                0.01562,                0.00846,                0.00338,                 4.1621,                 9.2449,                 2.7521,              0.0002378,              0.0002378,              0.0002378
                    180,                0.64088,                0.61996,                0.81642,                0.04878,                0.01562,                0.00309,                0.00123,                 4.2002,                 9.4511,                 2.7544,              0.0002279,              0.0002279,              0.0002279
                    181,                0.68875,                0.51589,                0.87586,                0.04029,                0.01562,                0.00264,                0.00106,                 4.1681,                 9.7213,                 2.7726,               0.000218,               0.000218,               0.000218
                    182,                0.61995,                0.47651,                0.88567,                0.03907,                0.01562,                0.00255,                0.00102,                 4.1508,                 9.7402,                 2.7966,              0.0002081,              0.0002081,              0.0002081
                    183,                 0.7194,                0.57513,                0.90275,                0.05292,                0.01562,                0.00329,                0.00132,                 4.1425,                 9.4458,                 2.8272,              0.0001982,              0.0001982,              0.0001982
                    184,                0.78121,                0.54191,                0.92282,                0.05992,                0.01562,                0.00381,                0.00152,                 4.1762,                 9.3951,                 2.8621,              0.0001883,              0.0001883,              0.0001883
                    185,                0.71318,                0.49618,                0.85375,                0.06373,                0.01562,                0.00389,                0.00117,                 4.1806,                 9.5142,                  2.891,              0.0001784,              0.0001784,              0.0001784
                    186,                 0.7495,                0.56048,                0.91778,                0.06613,                0.01562,                0.00509,                0.00153,                 4.1401,                 9.6886,                 2.8738,              0.0001685,              0.0001685,              0.0001685
                    187,                0.63052,                0.48422,                0.89822,                0.06028,                0.01562,                0.00384,                0.00115,                 4.1398,                 9.7437,                 2.8483,              0.0001586,              0.0001586,              0.0001586
                    188,                0.66064,                0.49495,                0.87752,                0.05273,                0.01562,                0.00348,                0.00104,                 4.1443,                 9.8617,                 2.8153,              0.0001487,              0.0001487,              0.0001487
                    189,                 0.6781,                0.49483,                0.87959,                 0.0462,                0.01562,                0.00347,                0.00139,                 4.1061,                 9.9512,                 2.7751,              0.0001388,              0.0001388,              0.0001388
                    190,                 0.6838,                0.50095,                0.87603,                0.04599,                0.01562,                0.00349,                0.00139,                 4.0906,                   9.85,                 2.7585,              0.0001289,              0.0001289,              0.0001289
                    191,                 0.7008,                0.51466,                0.88149,                 0.0513,                0.01562,                 0.0034,                0.00136,                 4.0887,                 9.7953,                 2.7458,               0.000119,               0.000119,               0.000119
                    192,                0.73576,                0.55526,                0.94568,                0.07094,                0.01562,                0.00491,                0.00196,                 4.1623,                 9.6137,                 2.7801,              0.0001091,              0.0001091,              0.0001091
                    193,                0.65654,                0.47969,                0.84914,                0.08212,                0.01562,                0.00486,                0.00195,                 4.1531,                 9.5157,                 2.7864,               9.92e-05,               9.92e-05,               9.92e-05
                    194,                0.71142,                0.53888,                0.84167,                0.11666,                0.01562,                0.00611,                0.00244,                 4.1308,                 9.4186,                 2.7434,               8.93e-05,               8.93e-05,               8.93e-05
                    195,                0.67463,                0.47038,                 0.8516,                0.12403,                0.01562,                0.00606,                0.00243,                 4.1109,                 9.3735,                 2.7159,               7.94e-05,               7.94e-05,               7.94e-05
                    196,                0.71961,                0.57597,                0.84447,                0.12348,                0.01562,                0.00615,                0.00246,                 4.1258,                 9.2343,                 2.7136,               6.95e-05,               6.95e-05,               6.95e-05
                    197,                0.65841,                0.44436,                0.85945,                0.13176,                0.01562,                0.00621,                0.00249,                 4.1277,                 9.2638,                 2.7215,               5.96e-05,               5.96e-05,               5.96e-05
                    198,                 0.6545,                 0.4556,                0.86847,                0.12498,                0.01562,                0.00623,                0.00249,                 4.1243,                 9.3059,                 2.7028,               4.97e-05,               4.97e-05,               4.97e-05
                    199,                0.69919,                0.46364,                0.87671,                0.12418,                0.01562,                 0.0062,                0.00248,                 4.1131,                 9.4095,                 2.7023,               3.98e-05,               3.98e-05,               3.98e-05
                    200,                0.63156,                0.42451,                0.81473,                0.12401,                0.01562,                0.00624,                0.00249,                  4.116,                 9.4876,                 2.7044,               2.99e-05,               2.99e-05,               2.99e-05
